epoch,time,train/giou_loss,train/cls_loss,train/l1_loss,metrics/precision(B),metrics/recall(B),metrics/mAP50(B),metrics/mAP50-95(B),val/giou_loss,val/cls_loss,val/l1_loss,lr/pg0,lr/pg1,lr/pg2
1,214.573,0.5466,4.03456,0.19104,0.54627,0.46426,0.40813,0.3331,0.24636,0.83558,0.06164,0.000110922,0.000110922,0.000110922
2,410.339,0.32081,0.63196,0.08641,0.75326,0.7085,0.69028,0.58798,0.23321,0.50905,0.05863,0.000221971,0.000221971,0.000221971
3,603.642,0.29364,0.54132,0.07801,0.8587,0.76616,0.80137,0.69699,0.23261,0.45691,0.05921,0.000332418,0.000332418,0.000332418
4,796.582,0.29443,0.50751,0.07909,0.82711,0.79977,0.79888,0.69447,0.22111,0.44362,0.05678,0.000441813,0.000441813,0.000441813
5,989.259,0.29102,0.50078,0.07525,0.84537,0.82641,0.84537,0.73627,0.21898,0.42446,0.05702,0.000549711,0.000549711,0.000549711
6,1184.51,0.29832,0.47902,0.07299,0.83886,0.82951,0.84639,0.73937,0.21978,0.42987,0.05343,0.000546622,0.000546622,0.000546622
7,1378.38,0.27863,0.45293,0.07046,0.88558,0.8396,0.85891,0.74606,0.21387,0.39427,0.05363,0.00054253,0.00054253,0.00054253
8,1570.23,0.26838,0.42455,0.06539,0.88925,0.86848,0.89677,0.7973,0.20941,0.38664,0.05242,0.00053772,0.00053772,0.00053772
9,1759.61,0.27089,0.42371,0.06668,0.91883,0.87767,0.91375,0.81499,0.20217,0.37463,0.05141,0.000532206,0.000532206,0.000532206
10,1947.03,0.25973,0.41247,0.0633,0.90036,0.88232,0.90273,0.79557,0.21948,0.38637,0.05511,0.000526003,0.000526003,0.000526003
11,2136.39,0.261,0.41215,0.06497,0.92538,0.89748,0.91786,0.81738,0.20449,0.35748,0.0503,0.000519128,0.000519128,0.000519128
12,2327.54,0.26327,0.40026,0.06421,0.90596,0.8636,0.88592,0.78491,0.21071,0.38428,0.05495,0.000511599,0.000511599,0.000511599
13,2518.53,0.2556,0.40579,0.06497,0.90552,0.87341,0.87727,0.77872,0.20872,0.3707,0.04943,0.000503438,0.000503438,0.000503438
14,2709.49,0.24995,0.39357,0.06147,0.89713,0.86956,0.88549,0.78861,0.20506,0.36534,0.05105,0.000494666,0.000494666,0.000494666
15,2899.87,0.24552,0.38057,0.06128,0.9007,0.88982,0.89145,0.79471,0.2029,0.36934,0.05018,0.000485308,0.000485308,0.000485308
16,3091.52,0.25151,0.39805,0.06342,0.93426,0.90381,0.92306,0.82443,0.20241,0.33991,0.04896,0.00047539,0.00047539,0.00047539
17,3283.92,0.24467,0.3745,0.05965,0.91721,0.90042,0.92497,0.82975,0.19593,0.3431,0.04619,0.000464938,0.000464938,0.000464938
18,3473.46,0.23627,0.3686,0.06092,0.9211,0.89338,0.91508,0.81718,0.20023,0.35827,0.04983,0.000453982,0.000453982,0.000453982
19,3661.44,0.25047,0.37207,0.06075,0.9213,0.90217,0.92408,0.82366,0.20318,0.35136,0.04872,0.00044255,0.00044255,0.00044255
20,3848.93,0.2402,0.36593,0.06013,0.91925,0.90356,0.92926,0.83341,0.19954,0.34478,0.04932,0.000430676,0.000430676,0.000430676
21,4038.78,0.2348,0.36462,0.05562,0.92882,0.92225,0.93906,0.84035,0.20349,0.34913,0.05071,0.00041839,0.00041839,0.00041839
22,4228.5,0.2425,0.36329,0.058,0.93707,0.90769,0.93256,0.84314,0.19072,0.33838,0.04537,0.000405727,0.000405727,0.000405727
23,4419.13,0.23484,0.35337,0.057,0.92293,0.92686,0.93614,0.839,0.19771,0.33357,0.05139,0.000392722,0.000392722,0.000392722
24,4611.92,0.23158,0.35048,0.05771,0.91424,0.89552,0.92104,0.82833,0.19515,0.33967,0.04869,0.00037941,0.00037941,0.00037941
25,4803.69,0.23745,0.35826,0.06068,0.91835,0.91389,0.93329,0.83468,0.19433,0.35618,0.04742,0.000365828,0.000365828,0.000365828
26,4995.01,0.23035,0.34373,0.05467,0.92795,0.91674,0.9377,0.84566,0.19626,0.33274,0.04875,0.000352012,0.000352012,0.000352012
27,5185.93,0.22331,0.33988,0.05724,0.92437,0.9302,0.94332,0.84845,0.19099,0.33083,0.04973,0.000338001,0.000338001,0.000338001
28,5377.35,0.22003,0.3357,0.05532,0.93513,0.91656,0.93853,0.84584,0.1966,0.33068,0.04865,0.000323834,0.000323834,0.000323834
29,5567.82,0.22577,0.33887,0.05355,0.94077,0.92013,0.94299,0.85017,0.19049,0.32845,0.0467,0.000309548,0.000309548,0.000309548
30,5759.12,0.21658,0.32565,0.05408,0.9244,0.92046,0.94071,0.84907,0.19164,0.33392,0.04763,0.000295184,0.000295184,0.000295184
31,5955.47,0.21519,0.33563,0.05399,0.94492,0.92353,0.94503,0.85614,0.18896,0.31962,0.04684,0.00028078,0.00028078,0.00028078
32,6150.43,0.22145,0.3252,0.05482,0.92736,0.93633,0.94613,0.85367,0.18841,0.32252,0.04668,0.000266376,0.000266376,0.000266376
33,6346.64,0.21053,0.33259,0.05091,0.94401,0.9143,0.94362,0.85598,0.18592,0.31854,0.04569,0.000252012,0.000252012,0.000252012
